rank_band_exclusive,corr_raw_return,corr_resid_market,corr_resid_l1,corr_resid_l3,corr_resid_full_neutral,corr_volatility,corr_amount_z,corr_turnover_z,cooccur_extreme_up,cooccur_extreme_down,src_leads_dst_1m,dst_leads_src_1m,lead_lag_asymmetry_1m,common_months
rank_001_005,0.21905407,0.0033040768,0.002301288,0.0012122213,0.002273615,0.18043463,0.010892908,0.0353678,0.0027033787,0.0026746483,0.0005718353,1.3015611e-05,0.00053813646,68.62021083242458
rank_006_010,0.21666166,0.002411655,0.0021666046,0.00072033954,0.0022975327,0.18044215,0.012660881,0.036313545,0.0026630878,0.002773999,-0.0010574141,0.00080205995,-0.0018886721,68.54605597964377
rank_011_020,0.21724014,0.0026528416,0.0018539128,0.0007802465,0.0017891759,0.17939308,0.013054765,0.037169583,0.0026887052,0.002725782,-0.00076038926,-0.00023770503,-0.0005292346,68.46599418393312
rank_021_050,0.216168,0.0010957359,0.0010028535,-1.6588607e-05,0.00130465,0.17845924,0.013231486,0.033259775,0.00270292,0.0027064073,0.0005246906,-0.0002127556,0.000741279,68.1543923421786
rank_051_100,0.21604018,0.0010570775,0.0007079733,-0.0004439303,0.00079889654,0.17826807,0.012642442,0.032760777,0.0026890116,0.0027267935,0.00045575507,0.00047862635,-1.0068945e-05,68.09969829153036
