index,0
count,5499.0
mean,100.0545553737043
std,73.09955692420496
min,1.0
25%,49.0
50%,83.0
75%,131.0
max,770.0
