index,score
count,550200.0
mean,0.7076533436775208
std,0.06525678187608719
min,0.4000577926635742
25%,0.6674199402332306
50%,0.7084323167800903
75%,0.7486456036567688
max,1.0
