rank_band_exclusive,corr_raw_return,corr_resid_market,corr_resid_l1,corr_resid_l3,corr_resid_full_neutral,corr_volatility,corr_amount_z,corr_turnover_z,cooccur_extreme_up,cooccur_extreme_down,src_leads_dst_1m,dst_leads_src_1m,lead_lag_asymmetry_1m,common_months
rank_001_005,0.2172316,0.0021178748,0.0015090725,-0.00028660547,0.0023092683,0.18066747,0.015892463,0.036392853,0.002691142,0.0028025757,0.0007148843,0.0009092416,-0.00020462667,68.20112686295893
rank_006_010,0.21768749,0.004026837,0.0018991593,0.00094683876,0.001927482,0.1802147,0.017014116,0.036917776,0.002745523,0.0027857223,0.0005537221,-0.00081112544,0.0013513914,67.90879680116322
rank_011_020,0.21654032,0.0026378569,0.0012951836,0.00018744748,0.0013045818,0.17847142,0.014234582,0.034356464,0.0027449587,0.0028018283,-0.00013344602,0.0016500469,-0.0017744793,67.98656852053799
rank_021_050,0.21566321,0.002467841,0.0014783611,0.0004912813,0.001529584,0.17823482,0.013722716,0.03440818,0.002743304,0.0027854238,0.00060183764,0.00032716972,0.00028076646,67.66412819580759
rank_051_100,0.21523607,0.0012806446,0.00056962436,-0.00034306772,0.00080371415,0.17794183,0.013360397,0.032967698,0.0027118435,0.002741127,0.00066389155,0.0006789931,-6.6025395e-06,67.52394402035624
