view_name,view_key,rank_layer,baseline_type,metric,semantic_n_edges,semantic_mean,random_mean_mean,delta_mean,lift,z_score,bootstrap_ci_low,bootstrap_ci_high,decision
theme_text,07a2d5b269d2,rank_001_005,global_random,corr_resid_full_neutral,25454,0.0023092681076377,0.0005825177158476,0.0017267503917901,3.9642882007075655,1.4827837473661007,0.0007058628711092,0.0039507166249677,rejected
theme_text,07a2d5b269d2,rank_006_010,global_random,corr_resid_full_neutral,25440,0.0019274820806458,0.0005825177158476,0.0013449643647982,3.308881478121659,1.1549389595573805,-6.064243607397652e-05,0.0034577249200083,rejected
theme_text,07a2d5b269d2,rank_011_020,global_random,corr_resid_full_neutral,50863,0.0013045817613601,0.0006290767486643,0.0006755050126958,2.0738038150832123,1.0455932154255971,0.000105514153256,0.0026402984163723,rejected
