index,0
count,5496.0
mean,100.10917030567686
std,83.06969622494029
min,1.0
25%,43.0
50%,76.0
75%,132.0
max,711.0
