index,score
count,550200.0
mean,0.6400660872459412
std,0.07426349818706512
min,0.3353720009326935
25%,0.5938320606946945
50%,0.6441054344177246
75%,0.6889246553182602
max,1.000000238418579
