{
  "n_nodes": 5502,
  "k": 100,
  "n_directed_edges": 550200,
  "n_mutual_directed_rows": 271884,
  "n_mutual_pairs_unique": 135942,
  "reciprocity_ratio": 0.49415485278080695,
  "score_q50": 0.6441054344177246,
  "score_q90": 0.7281931638717651,
  "score_q99": 0.8062515318393707,
  "self_neighbor_count": 0,
  "duplicate_stock_edge_count": 0
}