{"mean":{"1":0.8340412378,"2":0.8086870313,"3":0.7922250628,"4":0.7799797058,"5":0.7702795863,"6":0.7621041536,"7":0.7551992536,"8":0.7490428686,"9":0.7435017824,"10":0.7384747863,"11":0.7337020636,"12":0.7292734385,"13":0.7252252102,"14":0.7214894891,"15":0.7179207802,"16":0.7146196961,"17":0.7114505172,"18":0.7084609866,"19":0.7055791616,"20":0.7027665377,"21":0.7001384497,"22":0.6975961328,"23":0.6951314807,"24":0.6928309798,"25":0.6905910969,"26":0.688362062,"27":0.6861871481,"28":0.6840940118,"29":0.6821249723,"30":0.6802336574,"31":0.678393364,"32":0.6765947342,"33":0.6748608351,"34":0.6691911221,"35":0.6675549746,"36":0.6658546925,"37":0.6642661095,"38":0.6626679897,"39":0.6611367464,"40":0.6596443057,"41":0.6581959128,"42":0.6567966938,"43":0.6553912759,"44":0.6540547609,"45":0.6527263522,"46":0.6514105201,"47":0.6501463056,"48":0.648896873,"49":0.6476899981,"50":0.6465096474,"51":0.6453550458,"52":0.6442247629,"53":0.6431375742,"54":0.6420411468,"55":0.6409551501,"56":0.6399303079,"57":0.6389045119,"58":0.63789922,"59":0.6368877888,"60":0.6359469891,"61":0.6350318789,"62":0.634095192,"63":0.6332057118,"64":0.6323170066,"65":0.6314385533,"66":0.6305702925,"67":0.6297231317,"68":0.6289024353,"69":0.6280782223,"70":0.627268374,"71":0.6264606714,"72":0.6256899238,"73":0.624922514,"74":0.6241520047,"75":0.6233919859,"76":0.6226215363,"77":0.6218964458,"78":0.621167779,"79":0.620456636,"80":0.6197494268,"81":0.6190568209,"82":0.6183583736,"83":0.617692709,"84":0.6170113087,"85":0.6163393855,"86":0.6156871319,"87":0.6150494814,"88":0.6144011617,"89":0.6137689352,"90":0.6131415367,"91":0.6125246286,"92":0.6119115353,"93":0.6112800837,"94":0.6106721759,"95":0.61008811,"96":0.6095086336,"97":0.6089238524,"98":0.608351469,"99":0.6077963114,"100":0.6072356701},"median":{"1":0.8382518291,"2":0.8129221797,"3":0.7961265445,"4":0.7829332948,"5":0.7726941705,"6":0.7641298175,"7":0.7571595907,"8":0.750860393,"9":0.7447711825,"10":0.7399724722,"11":0.7355252504,"12":0.7308506966,"13":0.7265961766,"14":0.7234761119,"15":0.7197535038,"16":0.7167454958,"17":0.7140604258,"18":0.7113918662,"19":0.7080945969,"20":0.7052804828,"21":0.7027174234,"22":0.700324595,"23":0.6980348825,"24":0.6955828667,"25":0.69340837,"26":0.6912078857,"27":0.6894512177,"28":0.686976552,"29":0.6849150658,"30":0.6828078032,"31":0.6813902855,"32":0.6795486808,"33":0.6773250103,"34":0.6746002436,"35":0.6731117964,"36":0.6716480851,"37":0.6697026491,"38":0.668153882,"39":0.6667284966,"40":0.665103972,"41":0.6639618874,"42":0.662779808,"43":0.6612920761,"44":0.6598203778,"45":0.6582949162,"46":0.6571320295,"47":0.6558961272,"48":0.6548478007,"49":0.6537930965,"50":0.6527444124,"51":0.6518409848,"52":0.6506204009,"53":0.6494941711,"54":0.6483299732,"55":0.6471120119,"56":0.6462486982,"57":0.645075798,"58":0.6438256502,"59":0.642926693,"60":0.6420921087,"61":0.6409385204,"62":0.6399590373,"63":0.6388826966,"64":0.6380240917,"65":0.6371849775,"66":0.6362555027,"67":0.6355836391,"68":0.6347488165,"69":0.6340228319,"70":0.6331321597,"71":0.632244885,"72":0.6314070225,"73":0.6304740906,"74":0.6296452284,"75":0.6288955808,"76":0.6281356812,"77":0.627304554,"78":0.6266989708,"79":0.6258432269,"80":0.6251519918,"81":0.6245478392,"82":0.6239172816,"83":0.6230956316,"84":0.6223133802,"85":0.6214895844,"86":0.6207926869,"87":0.6202152967,"88":0.6196164489,"89":0.6188838482,"90":0.6183920503,"91":0.6177164912,"92":0.6171905994,"93":0.6166169047,"94":0.6159793139,"95":0.6154944897,"96":0.6148936749,"97":0.6143789291,"98":0.613730669,"99":0.6130213737,"100":0.6123825312},"std":{"1":0.0645930171,"2":0.0658555925,"3":0.0667118952,"4":0.0670839623,"5":0.0672406033,"6":0.0674996227,"7":0.0677490234,"8":0.0680947453,"9":0.0682238489,"10":0.0684241578,"11":0.0685214028,"12":0.06863904,"13":0.0687278584,"14":0.0687082261,"15":0.0687029585,"16":0.0687243566,"17":0.0686164796,"18":0.0685861111,"19":0.0685079619,"20":0.0683722645,"21":0.0682447851,"22":0.0681506321,"23":0.0680983141,"24":0.0680013373,"25":0.0679357946,"26":0.0678275675,"27":0.067763254,"28":0.0676583722,"29":0.0676448047,"30":0.067610465,"31":0.0675888434,"32":0.0675355941,"33":0.0675252751,"34":0.0669483021,"35":0.0668878928,"36":0.0670906901,"37":0.0669439137,"38":0.0670145303,"39":0.0670087188,"40":0.0669081956,"41":0.0668439269,"42":0.0667115524,"43":0.0667112842,"44":0.0666110963,"45":0.0665074587,"46":0.0664104372,"47":0.0662743971,"48":0.0661702231,"49":0.0660819635,"50":0.06598638,"51":0.0658831149,"52":0.0657915846,"53":0.0657223687,"54":0.0656606331,"55":0.0656123683,"56":0.0655572265,"57":0.0655303821,"58":0.065501146,"59":0.0654630661,"60":0.0654091537,"61":0.0653743595,"62":0.0653444454,"63":0.0653045326,"64":0.0652451739,"65":0.0651815757,"66":0.0651474744,"67":0.0650953203,"68":0.0650906041,"69":0.0650490969,"70":0.065033108,"71":0.0649794117,"72":0.0649549216,"73":0.0649342462,"74":0.0649077222,"75":0.0648793355,"76":0.06483455,"77":0.0648089498,"78":0.0647720248,"79":0.064749904,"80":0.0647463128,"81":0.0646974742,"82":0.0646646693,"83":0.064625591,"84":0.0645966455,"85":0.0645852238,"86":0.0645563081,"87":0.0645212978,"88":0.0645066723,"89":0.0644910261,"90":0.0644848421,"91":0.0644686446,"92":0.0644557402,"93":0.0644400939,"94":0.0644214228,"95":0.0643957853,"96":0.0643540546,"97":0.0643306226,"98":0.0642977953,"99":0.0642579868,"100":0.0642338097},"count":{"1":5502,"2":5502,"3":5502,"4":5502,"5":5502,"6":5502,"7":5502,"8":5502,"9":5502,"10":5502,"11":5502,"12":5502,"13":5502,"14":5502,"15":5502,"16":5502,"17":5502,"18":5502,"19":5502,"20":5502,"21":5502,"22":5502,"23":5502,"24":5502,"25":5502,"26":5502,"27":5502,"28":5502,"29":5502,"30":5502,"31":5502,"32":5502,"33":5502,"34":5502,"35":5502,"36":5502,"37":5502,"38":5502,"39":5502,"40":5502,"41":5502,"42":5502,"43":5502,"44":5502,"45":5502,"46":5502,"47":5502,"48":5502,"49":5502,"50":5502,"51":5502,"52":5502,"53":5502,"54":5502,"55":5502,"56":5502,"57":5502,"58":5502,"59":5502,"60":5502,"61":5502,"62":5502,"63":5502,"64":5502,"65":5502,"66":5502,"67":5502,"68":5502,"69":5502,"70":5502,"71":5502,"72":5502,"73":5502,"74":5502,"75":5502,"76":5502,"77":5502,"78":5502,"79":5502,"80":5502,"81":5502,"82":5502,"83":5502,"84":5502,"85":5502,"86":5502,"87":5502,"88":5502,"89":5502,"90":5502,"91":5502,"92":5502,"93":5502,"94":5502,"95":5502,"96":5502,"97":5502,"98":5502,"99":5502,"100":5502}}