{
  "n_nodes": 5502,
  "k": 100,
  "n_directed_edges": 550200,
  "n_mutual_directed_rows": 271332,
  "n_mutual_pairs_unique": 135666,
  "reciprocity_ratio": 0.4931515812431843,
  "score_q50": 0.6576454937458038,
  "score_q90": 0.744074821472168,
  "score_q99": 0.8362715941667558,
  "self_neighbor_count": 0,
  "duplicate_stock_edge_count": 0
}