main_business_detail,theme_text,chain_text,full_text
1.0,0.9963572119106474,0.29866315914348873,0.7673514324147696
0.6617004819725141,1.0,0.8580649856292283,0.6549565117417816
0.963972466611581,0.37319238921252795,1.0,0.1027282842352224
0.6943551020788526,0.5893942133909136,0.6576516320112721,1.0
