rank_band_exclusive,corr_raw_return,corr_resid_market,corr_resid_l1,corr_resid_l3,corr_resid_full_neutral,corr_volatility,corr_amount_z,corr_turnover_z,cooccur_extreme_up,cooccur_extreme_down,src_leads_dst_1m,dst_leads_src_1m,lead_lag_asymmetry_1m,common_months
rank_001_005,0.2168662,0.0033056864,0.0023611826,0.001841374,0.0025814297,0.17968702,0.013273699,0.035431832,0.0027246997,0.0028494284,9.829944e-05,-0.0011787185,0.0012741043,68.41544892766267
rank_006_010,0.21701384,0.0030074206,0.0020313829,0.00097224984,0.001963123,0.18240659,0.014212682,0.036363184,0.00270256,0.002797504,0.0010457183,0.000522999,0.0005311217,68.54892766266812
rank_011_020,0.2166317,0.003262901,0.002716343,0.00086703396,0.0025711327,0.17990902,0.014250114,0.03603399,0.0027461112,0.0028192583,0.0012300295,0.0010185672,0.00020837046,68.23340603416939
rank_021_050,0.21584731,0.0022866162,0.001859766,0.000721497,0.0019691223,0.1796278,0.013142621,0.034361076,0.0027168132,0.0027917377,0.00031467556,0.0010734779,-0.00074578676,68.10562825639161
rank_051_100,0.21464244,0.0011316452,0.00031930022,-0.0005021546,0.0005404537,0.17870976,0.0129866125,0.034076963,0.0026619374,0.0027699624,6.0397007e-05,7.897906e-05,-7.992769e-06,68.02515085423482
