view_name,view_key,rank_layer,baseline_type,metric,semantic_n_edges,semantic_mean,random_mean_mean,delta_mean,lift,z_score,bootstrap_ci_low,bootstrap_ci_high,decision
main_business_detail,46bbc3c09f1c,rank_001_005,global_random,corr_resid_full_neutral,25555,0.0025814294349402,0.0005825177158476,0.0019989117190926,4.431503737502775,1.716492333566154,0.0009919891657773,0.0043882280937395,rejected
main_business_detail,46bbc3c09f1c,rank_006_010,global_random,corr_resid_full_neutral,25528,0.0019631232134997,0.0005825177158476,0.0013806054976521,3.370066111454338,1.1855444789102545,0.0001722276720101,0.003557335678488,rejected
main_business_detail,46bbc3c09f1c,rank_011_020,global_random,corr_resid_full_neutral,51027,0.0025711327325552,0.0006290767486643,0.0019420559838909,4.087152701183886,3.006048101152013,0.0012631204910576,0.0037804727850016,supported
