index,score
count,550200.0
mean,0.6574640870094299
std,0.07311906665563583
min,0.27806350588798523
25%,0.6108445376157761
50%,0.6576454937458038
75%,0.7028360515832901
max,1.0000001192092896
