view_name,view_key,rank_layer,baseline_type,metric,semantic_n_edges,semantic_mean,random_mean_mean,delta_mean,lift,z_score,bootstrap_ci_low,bootstrap_ci_high,decision
full_text,e7a0080f4bc8,rank_001_005,global_random,corr_resid_full_neutral,25443,0.0018730906303972,0.0005825177158476,0.0012905729145496,3.215508437664828,1.1082322908878166,0.0004811793281987,0.0036660189740359,rejected
full_text,e7a0080f4bc8,rank_006_010,global_random,corr_resid_full_neutral,25387,0.0023890559095889,0.0005825177158476,0.0018065381937413,4.101258802254119,1.55129860425205,0.0001244502447661,0.0046141677070409,rejected
full_text,e7a0080f4bc8,rank_011_020,global_random,corr_resid_full_neutral,50764,0.0011039985110983,0.0006290767486643,0.000474921762434,1.7549504308375925,0.7351166361848394,-0.0002169631399738,0.0025626807939261,rejected
