index,score
count,550200.0
mean,0.5799713134765625
std,0.04984720051288605
min,0.3836591839790344
25%,0.5496088862419128
50%,0.5798612833023071
75%,0.6088149547576904
max,0.9999996423721313
