rank_band_exclusive,corr_raw_return,corr_resid_market,corr_resid_l1,corr_resid_l3,corr_resid_full_neutral,corr_volatility,corr_amount_z,corr_turnover_z,cooccur_extreme_up,cooccur_extreme_down,src_leads_dst_1m,dst_leads_src_1m,lead_lag_asymmetry_1m,common_months
rank_001_005,0.21774657,0.0021554097,0.0012097739,8.163077e-05,0.0018730906,0.18157995,0.015791513,0.03781688,0.0026744977,0.0027302606,0.00039490405,0.0006653619,-0.00026419727,68.15830607051981
rank_006_010,0.21895403,0.004600219,0.0034573602,0.0024308125,0.0023890561,0.18301484,0.017207922,0.037647136,0.00271523,0.0028781486,1.684301e-05,-0.00097048655,0.00090402074,67.9284260268993
rank_011_020,0.21709932,0.0019336557,0.0011453963,-0.00051819836,0.0011039985,0.18023156,0.015527682,0.0352774,0.002656678,0.002711952,-0.0012034029,0.000123289,-0.001277838,67.78335150854235
rank_021_050,0.21727005,0.001629888,0.0010313774,-2.8058974e-05,0.0010010619,0.17944814,0.014044868,0.035492215,0.0027262168,0.002777711,7.922658e-05,-1.4083023e-05,0.000105074774,67.49898824669818
rank_051_100,0.2170839,0.0012162703,0.0010274063,0.00029606445,0.0015714827,0.17912795,0.012938867,0.03524777,0.002731643,0.002778001,0.0007434088,-0.00026207237,0.0009937163,67.23632497273718
